Year,County,AvgTmp,AvgMaxTmp,AvgMinTmp,AvgPrecip,TotPrecip,MaxTmp,MinTmp,AvgMag,Fat,Inj,Count,MaxMag,TndOcc
1950,Dane County,21.866666666666664,31.400000000000002,12.366666666666667,1.9799999999999998,5.9399999999999995,34.8,8.0,,,,0.0,,0
1950,Dodge County,22.099999999999998,30.96666666666667,13.200000000000001,1.8099999999999998,5.43,34.2,10.3,,,,0.0,,0
1950,Fond du Lac County,20.933333333333334,29.599999999999998,12.299999999999999,1.8733333333333333,5.62,33.0,8.6,,,,0.0,,0
1950,Grant County,22.099999999999998,31.400000000000002,12.833333333333334,1.61,4.83,35.6,8.6,,,,0.0,,0
1950,Marathon County,14.066666666666668,24.5,3.6666666666666665,1.93,5.79,29.9,-3.2,,,,0.0,,0
1951,Dane County,19.866666666666667,29.0,10.733333333333334,2.0766666666666667,6.2299999999999995,35.7,3.0,,,,0.0,,0
1951,Dodge County,19.599999999999998,28.233333333333334,10.966666666666667,2.1366666666666667,6.41,34.6,3.4,2.0,0.0,0.0,1.0,2.0,1
1951,Fond du Lac County,18.766666666666666,27.166666666666668,10.4,2.17,6.51,33.6,2.9,,,,0.0,,0
1951,Grant County,19.833333333333332,28.466666666666665,11.266666666666666,2.3866666666666667,7.16,34.8,4.2,,,,0.0,,0
1951,Marathon County,14.633333333333335,24.266666666666666,5.033333333333334,1.9000000000000001,5.7,30.8,-1.8,,,,0.0,,0
1952,Dane County,24.400000000000002,32.63333333333333,16.133333333333333,1.9100000000000001,5.73,36.2,9.4,,,,0.0,,0
1952,Dodge County,23.7,31.96666666666667,15.5,1.97,5.91,35.6,9.2,,,,0.0,,0
1952,Fond du Lac County,22.833333333333332,30.86666666666667,14.866666666666667,1.6966666666666665,5.09,34.7,8.5,,,,0.0,,0
1952,Grant County,24.933333333333334,33.06666666666666,16.7,1.79,5.37,37.0,8.7,,,,0.0,,0
1952,Marathon County,18.3,28.03333333333333,8.566666666666668,1.3866666666666667,4.16,32.8,2.3,,,,0.0,,0
1953,Dane County,26.166666666666668,34.766666666666666,17.633333333333336,1.83,5.49,41.9,13.4,,,,0.0,,0
1953,Dodge County,25.866666666666664,33.63333333333333,18.066666666666666,1.8166666666666667,5.45,40.3,14.1,,,,0.0,,0
1953,Fond du Lac County,24.900000000000002,32.46666666666666,17.333333333333332,1.93,5.79,38.8,13.6,,,,0.0,,0
1953,Grant County,26.400000000000002,34.46666666666667,18.400000000000002,1.8033333333333335,5.41,42.2,14.3,,,,0.0,,0
1953,Marathon County,18.766666666666666,27.833333333333332,9.633333333333333,1.7633333333333334,5.29,35.1,2.7,,,,0.0,,0
1954,Dane County,26.666666666666668,35.86666666666667,17.5,0.8233333333333333,2.4699999999999998,40.3,8.6,,,,0.0,,0
1954,Dodge County,25.933333333333334,34.73333333333333,17.133333333333336,0.8166666666666668,2.45,39.0,9.0,,,,0.0,,0
1954,Fond du Lac County,25.066666666666666,33.699999999999996,16.46666666666667,0.9333333333333332,2.8,37.6,8.1,2.0,0.0,0.0,1.0,2.0,1
1954,Grant County,27.100000000000005,36.13333333333333,18.099999999999998,0.8133333333333334,2.44,41.4,8.5,1.0,0.0,0.0,1.0,1.0,1
1954,Marathon County,20.066666666666666,29.53333333333333,10.633333333333333,0.9733333333333333,2.92,35.2,1.0,2.0,0.0,0.0,1.0,2.0,1
1955,Dane County,22.166666666666668,31.46666666666667,12.866666666666667,1.0133333333333334,3.04,40.0,9.1,2.0,0.0,0.0,1.0,2.0,1
1955,Dodge County,22.099999999999998,30.833333333333332,13.366666666666667,0.93,2.79,39.3,9.5,,,,0.0,,0
1955,Fond du Lac County,21.166666666666668,29.8,12.633333333333333,0.96,2.88,37.7,8.4,,,,0.0,,0
1955,Grant County,22.666666666666668,31.566666666666666,13.766666666666666,1.04,3.12,40.6,10.5,,,,0.0,,0
1955,Marathon County,15.133333333333333,25.5,4.866666666666667,1.08,3.24,33.3,1.3,,,,0.0,,0
1956,Dane County,23.133333333333336,32.63333333333333,13.633333333333333,1.1333333333333333,3.4,37.6,10.2,,,,0.0,,0
1956,Dodge County,22.266666666666666,31.666666666666668,12.933333333333332,1.2133333333333334,3.64,35.9,10.0,0.0,0.0,0.0,1.0,0.0,1
1956,Fond du Lac County,21.433333333333334,30.53333333333333,12.366666666666667,1.18,3.54,35.1,9.9,,,,0.0,,0
1956,Grant County,22.7,31.866666666666664,13.533333333333333,0.8766666666666666,2.63,38.8,9.0,,,,0.0,,0
1956,Marathon County,15.300000000000002,27.0,3.566666666666667,1.1266666666666667,3.38,32.4,-0.5,,,,0.0,,0
1957,Dane County,23.233333333333334,32.6,13.9,0.6433333333333334,1.9300000000000002,42.4,2.0,,,,0.0,,0
1957,Dodge County,22.366666666666664,31.2,13.533333333333331,0.6666666666666666,2.0,41.3,1.7,,,,0.0,,0
1957,Fond du Lac County,21.7,30.633333333333336,12.766666666666666,0.5466666666666667,1.6400000000000001,40.7,1.5,,,,0.0,,0
1957,Grant County,24.0,32.9,15.1,0.59,1.77,42.6,3.1,2.0,0.0,0.0,1.0,2.0,1
1957,Marathon County,16.366666666666667,26.7,6.066666666666666,0.5833333333333334,1.75,37.9,-4.5,,,,0.0,,0
1958,Dane County,22.066666666666666,30.5,13.666666666666666,0.33666666666666667,1.01,40.4,6.0,0.0,0.0,0.0,1.0,0.0,1
1958,Dodge County,21.733333333333334,29.866666666666664,13.633333333333333,0.33666666666666667,1.01,39.7,5.6,,,,0.0,,0
1958,Fond du Lac County,21.333333333333332,29.5,13.166666666666666,0.3499999999999999,1.0499999999999998,39.2,5.2,,,,0.0,,0
1958,Grant County,22.36666666666667,30.633333333333336,14.166666666666666,0.36333333333333334,1.09,40.6,6.1,,,,0.0,,0
1958,Marathon County,19.0,28.233333333333334,9.866666666666667,0.31333333333333335,0.9400000000000001,38.4,1.7,,,,0.0,,0
1959,Dane County,18.0,28.2,7.866666666666667,1.9766666666666666,5.93,38.2,-0.4,,,,0.0,,0
1959,Dodge County,16.933333333333334,26.8,7.2,2.1366666666666667,6.41,36.2,0.2,,,,0.0,,0
1959,Fond du Lac County,16.133333333333333,25.933333333333334,6.3999999999999995,2.0,6.0,35.0,-0.4,,,,0.0,,0
1959,Grant County,18.96666666666667,28.666666666666668,9.266666666666667,2.0733333333333333,6.22,39.4,1.4,2.0,0.0,0.0,1.0,2.0,1
1959,Marathon County,13.166666666666666,24.166666666666668,2.166666666666667,1.1833333333333333,3.55,36.0,-5.1,1.0,0.0,0.0,1.0,1.0,1
1960,Dane County,20.366666666666664,28.766666666666666,11.966666666666667,1.6733333333333336,5.0200000000000005,30.9,9.2,,,,0.0,,0
1960,Dodge County,20.433333333333334,28.666666666666668,12.266666666666666,1.2466666666666668,3.74,30.5,8.4,1.0,0.0,0.0,1.0,1.0,1
1960,Fond du Lac County,19.76666666666667,28.433333333333334,11.133333333333333,1.17,3.51,30.5,7.7,0.0,0.0,0.0,1.0,0.0,1
1960,Grant County,20.566666666666666,28.600000000000005,12.5,1.53,4.59,31.1,10.7,,,,0.0,,0
1960,Marathon County,16.833333333333332,26.266666666666666,7.3999999999999995,0.6366666666666667,1.9100000000000001,29.7,5.9,,,,0.0,,0
1961,Dane County,26.5,35.6,17.400000000000002,1.6433333333333333,4.93,41.8,7.0,,,,0.0,,0
1961,Dodge County,25.96666666666667,34.800000000000004,17.233333333333334,1.2333333333333334,3.7,41.5,6.8,,,,0.0,,0
1961,Fond du Lac County,25.166666666666668,33.43333333333334,16.900000000000002,1.3,3.9000000000000004,40.2,6.9,2.0,0.0,0.0,1.0,2.0,1
1961,Grant County,26.53333333333333,34.9,18.166666666666668,1.76,5.28,41.4,7.9,,,,0.0,,0
1961,Marathon County,21.600000000000005,31.03333333333333,12.1,1.5033333333333332,4.51,38.8,3.0,1.5,0.0,0.0,2.0,2.0,1
1962,Dane County,19.6,27.666666666666668,11.5,1.5566666666666666,4.67,37.1,3.8,,,,0.0,,0
1962,Dodge County,19.066666666666666,26.933333333333334,11.233333333333334,1.4000000000000001,4.2,36.6,3.0,,,,0.0,,0
1962,Fond du Lac County,17.933333333333334,26.2,9.666666666666666,1.3533333333333333,4.06,36.1,2.1,2.0,0.0,0.0,1.0,2.0,1
1962,Grant County,19.966666666666665,28.03333333333333,11.966666666666669,1.4133333333333333,4.24,37.1,4.3,,,,0.0,,0
1962,Marathon County,14.833333333333334,24.03333333333333,5.666666666666667,1.2566666666666668,3.7700000000000005,35.7,-1.4,,,,0.0,,0
1963,Dane County,17.7,27.633333333333336,7.833333333333333,1.2166666666666666,3.65,44.4,-2.8,,,,0.0,,0
1963,Dodge County,16.833333333333332,26.5,7.233333333333333,1.0366666666666666,3.11,42.9,-2.0,1.5,0.0,0.0,2.0,2.0,1
1963,Fond du Lac County,16.166666666666668,25.53333333333333,6.8,0.9366666666666666,2.81,41.3,-1.9,,,,0.0,,0
1963,Grant County,19.033333333333335,28.5,9.6,1.1666666666666667,3.5,46.1,-1.9,,,,0.0,,0
1963,Marathon County,12.5,22.96666666666667,2.033333333333333,1.0666666666666667,3.1999999999999997,39.9,-7.0,,,,0.0,,0
1964,Dane County,26.433333333333334,36.0,16.966666666666665,0.9966666666666667,2.99,39.8,14.1,,,,0.0,,0
1964,Dodge County,25.8,34.800000000000004,16.8,1.0466666666666666,3.1399999999999997,39.0,14.3,1.0,0.0,0.0,2.0,1.0,1
1964,Fond du Lac County,24.866666666666664,34.06666666666667,15.733333333333334,0.9133333333333334,2.74,38.2,13.1,2.0,0.0,2.0,2.0,2.0,1
1964,Grant County,26.5,35.96666666666667,17.0,0.6333333333333333,1.9,40.1,14.7,,,,0.0,,0
1964,Marathon County,20.5,30.766666666666666,10.233333333333334,0.66,1.98,35.1,7.4,2.0,0.0,0.0,1.0,2.0,1
1965,Dane County,19.599999999999998,28.233333333333334,10.966666666666667,1.6966666666666665,5.09,31.8,7.4,,,,0.0,,0
1965,Dodge County,19.03333333333333,27.333333333333332,10.799999999999999,1.6166666666666665,4.85,30.9,6.9,,,,0.0,,0
1965,Fond du Lac County,18.0,26.53333333333333,9.466666666666667,1.55,4.65,30.6,5.3,1.0,0.0,0.0,1.0,1.0,1
1965,Grant County,19.166666666666668,28.0,10.299999999999999,1.7033333333333331,5.109999999999999,32.2,6.2,,,,0.0,,0
1965,Marathon County,13.033333333333333,23.3,2.8000000000000003,1.1900000000000002,3.5700000000000003,29.2,-1.5,,,,0.0,,0
1966,Dane County,22.399999999999995,31.866666666666664,12.933333333333335,1.5966666666666667,4.79,45.7,0.8,1.0,0.0,0.0,1.0,1.0,1
1966,Dodge County,21.833333333333332,30.866666666666664,12.833333333333334,1.7466666666666668,5.24,43.9,0.5,,,,0.0,,0
1966,Fond du Lac County,20.8,29.933333333333334,11.699999999999998,1.9833333333333334,5.95,42.6,-0.8,,,,0.0,,0
1966,Grant County,22.166666666666668,31.866666666666664,12.466666666666667,1.8366666666666667,5.51,46.5,0.0,2.0,0.0,0.0,1.0,2.0,1
1966,Marathon County,16.766666666666666,27.066666666666666,6.533333333333334,1.9933333333333334,5.98,40.3,-7.5,,,,0.0,,0
1967,Dane County,23.133333333333336,32.63333333333333,13.666666666666666,1.3633333333333333,4.09,42.0,4.4,2.5,2.0,5.0,2.0,3.0,1
1967,Dodge County,22.433333333333334,31.666666666666668,13.233333333333334,1.2233333333333334,3.67,40.8,4.9,,,,0.0,,0
1967,Fond du Lac County,21.26666666666667,30.53333333333333,12.0,1.2699999999999998,3.8099999999999996,39.6,3.5,1.0,0.0,0.0,1.0,1.0,1
1967,Grant County,23.333333333333332,33.0,13.700000000000001,1.5766666666666669,4.73,43.2,4.0,0.0,0.0,0.0,1.0,0.0,1
1967,Marathon County,16.033333333333335,26.666666666666668,5.466666666666668,1.7633333333333334,5.29,36.3,-4.6,,,,0.0,,0
1968,Dane County,25.7,35.800000000000004,15.633333333333333,0.5333333333333333,1.6,51.7,8.7,2.0,0.0,0.0,1.0,2.0,1
1968,Dodge County,24.599999999999998,34.733333333333334,14.5,0.5666666666666668,1.7000000000000002,50.5,7.0,1.0,0.0,0.0,1.0,1.0,1
1968,Fond du Lac County,23.933333333333334,33.733333333333334,14.133333333333333,0.5599999999999999,1.68,49.4,6.5,,,,0.0,,0
1968,Grant County,25.8,35.5,16.133333333333333,0.6133333333333333,1.8399999999999999,52.2,9.8,,,,0.0,,0
1968,Marathon County,19.5,30.166666666666668,8.833333333333334,0.8133333333333334,2.44,46.4,1.1,2.0,0.0,5.0,1.0,2.0,1
1969,Dane County,21.733333333333334,30.166666666666668,13.366666666666665,1.2,3.6,38.1,6.7,1.0,0.0,0.0,2.0,2.0,1
1969,Dodge County,21.333333333333332,29.5,13.200000000000001,1.11,3.33,36.7,6.6,,,,0.0,,0
1969,Fond du Lac County,20.3,28.8,11.9,1.17,3.51,35.5,5.8,,,,0.0,,0
1969,Grant County,21.433333333333334,29.833333333333332,13.066666666666668,1.3166666666666667,3.95,38.0,5.9,1.75,0.0,2.0,4.0,2.0,1
1969,Marathon County,16.0,26.433333333333334,5.633333333333333,1.3466666666666667,4.04,33.6,0.7,,,,0.0,,0
1970,Dane County,19.8,29.233333333333334,10.333333333333334,0.6133333333333333,1.8399999999999999,39.7,1.0,,,,0.0,,0
1970,Dodge County,18.7,27.96666666666667,9.5,0.5,1.5,37.8,0.0,1.0,0.0,0.0,1.0,1.0,1
1970,Fond du Lac County,17.900000000000002,27.2,8.566666666666666,0.4366666666666667,1.31,36.9,-0.1,,,,0.0,,0
1970,Grant County,19.733333333333334,28.866666666666664,10.5,0.8366666666666666,2.51,39.6,0.3,1.5,0.0,0.0,2.0,2.0,1
1970,Marathon County,13.5,24.53333333333333,2.433333333333333,0.85,2.55,34.0,-4.9,,,,0.0,,0
1971,Dane County,19.5,28.333333333333332,10.6,2.0033333333333334,6.01,36.7,0.9,1.0,0.0,0.0,2.0,1.0,1
1971,Dodge County,18.599999999999998,27.066666666666666,10.166666666666666,1.8633333333333333,5.59,35.5,0.5,,,,0.0,,0
1971,Fond du Lac County,17.733333333333334,26.233333333333334,9.233333333333333,1.87,5.61,34.2,-0.5,,,,0.0,,0
1971,Grant County,19.400000000000002,28.033333333333335,10.733333333333334,2.1166666666666667,6.35,37.7,0.4,1.0,0.0,0.0,6.0,1.0,1
1971,Marathon County,13.466666666666667,23.53333333333333,3.4333333333333336,1.95,5.85,32.4,-5.6,3.0,0.0,0.0,1.0,3.0,1
1972,Dane County,19.599999999999998,29.03333333333333,10.133333333333333,0.9866666666666667,2.96,37.6,3.6,1.0,0.0,0.0,1.0,1.0,1
1972,Dodge County,18.566666666666666,27.73333333333333,9.366666666666667,1.0366666666666666,3.11,35.3,2.7,,,,0.0,,0
1972,Fond du Lac County,17.366666666666667,26.53333333333333,8.2,0.9366666666666665,2.8099999999999996,34.0,1.7,1.0,0.0,0.0,1.0,1.0,1
1972,Grant County,19.599999999999998,28.8,10.4,1.0033333333333332,3.01,38.4,3.6,0.5,0.0,0.0,2.0,1.0,1
1972,Marathon County,12.333333333333334,23.399999999999995,1.3,1.4166666666666667,4.25,32.3,-6.2,,,,0.0,,0
1973,Dane County,29.266666666666666,37.300000000000004,21.266666666666666,2.4,7.199999999999999,49.7,15.2,1.0,0.0,0.0,1.0,1.0,1
1973,Dodge County,28.46666666666667,36.0,20.933333333333334,1.8133333333333332,5.4399999999999995,47.8,15.4,,,,0.0,,0
1973,Fond du Lac County,27.399999999999995,34.93333333333333,19.833333333333332,1.7133333333333336,5.140000000000001,46.5,14.2,1.0,0.0,0.0,1.0,1.0,1
1973,Grant County,29.399999999999995,37.166666666666664,21.599999999999998,2.1666666666666665,6.5,50.4,14.0,1.0,0.0,2.0,1.0,1.0,1
1973,Marathon County,23.5,32.36666666666667,14.666666666666666,1.8,5.4,45.3,6.6,1.0,0.0,0.0,1.0,1.0,1
1974,Dane County,23.666666666666668,32.13333333333333,15.166666666666666,2.3000000000000003,6.9,41.2,9.6,1.0,0.0,0.0,1.0,1.0,1
1974,Dodge County,22.599999999999998,30.866666666666664,14.266666666666666,2.27,6.8100000000000005,39.7,8.7,3.0,2.0,18.0,2.0,3.0,1
1974,Fond du Lac County,21.96666666666667,30.0,13.933333333333332,1.9733333333333334,5.92,38.6,8.5,4.0,0.0,35.0,1.0,4.0,1
1974,Grant County,24.0,32.56666666666667,15.5,1.79,5.37,42.3,10.4,,,,0.0,,0
1974,Marathon County,17.599999999999998,27.400000000000002,7.833333333333333,0.9266666666666667,2.7800000000000002,35.4,2.0,2.0,0.0,0.0,1.0,2.0,1
1975,Dane County,22.099999999999998,30.900000000000002,13.299999999999999,1.83,5.49,34.8,12.0,3.0,0.0,0.0,1.0,3.0,1
1975,Dodge County,22.133333333333336,30.466666666666665,13.833333333333334,2.0033333333333334,6.01,34.8,12.1,,,,0.0,,0
1975,Fond du Lac County,21.266666666666666,29.86666666666667,12.700000000000001,1.8800000000000001,5.640000000000001,34.2,10.5,,,,0.0,,0
1975,Grant County,21.866666666666664,30.133333333333336,13.666666666666666,1.5766666666666669,4.73,34.5,12.2,,,,0.0,,0
1975,Marathon County,16.533333333333335,26.733333333333334,6.366666666666667,1.36,4.08,32.2,4.3,,,,0.0,,0
1976,Dane County,26.400000000000002,35.96666666666667,16.833333333333332,2.4966666666666666,7.49,45.6,5.7,2.0,0.0,0.0,1.0,2.0,1
1976,Dodge County,25.0,34.5,15.5,2.5833333333333335,7.75,44.3,3.8,,,,0.0,,0
1976,Fond du Lac County,23.766666666666666,33.233333333333334,14.266666666666666,2.6566666666666667,7.97,42.6,2.3,,,,0.0,,0
1976,Grant County,27.23333333333333,37.23333333333333,17.26666666666667,2.0866666666666664,6.26,45.4,6.1,,,,0.0,,0
1976,Marathon County,18.866666666666664,29.166666666666668,8.533333333333333,2.0533333333333332,6.16,36.7,-3.0,1.0,0.0,0.0,1.0,1.0,1
1977,Dane County,21.599999999999998,31.066666666666666,12.133333333333333,1.7866666666666668,5.36,49.0,-6.4,,,,0.0,,0
1977,Dodge County,20.933333333333334,30.066666666666666,11.733333333333334,1.7166666666666668,5.15,48.2,-6.5,0.6666666666666666,0.0,0.0,3.0,1.0,1
1977,Fond du Lac County,20.266666666666666,29.26666666666667,11.266666666666666,1.8500000000000003,5.550000000000001,46.7,-7.2,3.0,0.0,8.0,1.0,3.0,1
1977,Grant County,22.2,31.96666666666667,12.533333333333333,1.93,5.79,50.0,-7.1,,,,0.0,,0
1977,Marathon County,17.03333333333333,27.03333333333333,6.966666666666666,1.78,5.34,43.4,-10.8,4.0,0.0,10.0,1.0,4.0,1
1978,Dane County,17.033333333333335,26.933333333333337,7.133333333333333,0.5066666666666667,1.52,38.7,1.2,,,,0.0,,0
1978,Dodge County,16.400000000000002,26.133333333333336,6.666666666666667,0.5466666666666666,1.64,37.6,1.6,2.0,0.0,0.0,1.0,2.0,1
1978,Fond du Lac County,16.3,25.900000000000002,6.733333333333333,0.5633333333333334,1.69,37.3,1.9,,,,0.0,,0
1978,Grant County,15.933333333333332,26.400000000000002,5.533333333333334,0.59,1.77,39.1,-2.0,,,,0.0,,0
1978,Marathon County,13.799999999999999,25.166666666666668,2.4666666666666663,0.38333333333333336,1.1500000000000001,37.0,-3.1,,,,0.0,,0
1979,Dane County,15.866666666666667,25.233333333333334,6.566666666666666,2.09,6.27,39.5,-3.3,,,,0.0,,0
1979,Dodge County,15.233333333333334,24.3,6.233333333333333,2.013333333333333,6.04,38.1,-4.1,0.0,0.0,0.0,5.0,0.0,1
1979,Fond du Lac County,14.299999999999999,23.366666666666664,5.333333333333333,2.1033333333333335,6.3100000000000005,37.0,-4.2,,,,0.0,,0
1979,Grant County,15.366666666666667,24.3,6.3999999999999995,1.8566666666666667,5.57,38.7,-4.7,,,,0.0,,0
1979,Marathon County,11.933333333333332,21.733333333333334,2.133333333333333,2.1633333333333336,6.49,35.1,-7.2,,,,0.0,,0
1980,Dane County,21.033333333333335,29.900000000000002,12.133333333333333,0.7466666666666666,2.2399999999999998,37.2,7.2,,,,0.0,,0
1980,Dodge County,20.433333333333334,29.133333333333336,11.766666666666666,0.71,2.13,36.8,6.9,2.0,0.0,22.0,5.0,3.0,1
1980,Fond du Lac County,20.03333333333333,28.566666666666666,11.5,0.8766666666666666,2.63,36.4,7.4,1.0,0.0,0.0,2.0,1.0,1
1980,Grant County,21.433333333333334,30.099999999999998,12.766666666666666,0.87,2.61,38.3,8.6,1.0,0.0,0.0,1.0,1.0,1
1980,Marathon County,16.0,25.96666666666667,6.0,0.9466666666666667,2.84,33.5,1.6,,,,0.0,,0
1981,Dane County,26.7,36.733333333333334,16.666666666666668,1.0333333333333334,3.1000000000000005,47.7,9.7,2.0,0.0,0.0,1.0,2.0,1
1981,Dodge County,25.200000000000003,34.93333333333333,15.433333333333332,0.9199999999999999,2.76,45.9,7.8,0.6666666666666666,0.0,0.0,3.0,1.0,1
1981,Fond du Lac County,24.733333333333334,33.96666666666667,15.533333333333331,0.8833333333333333,2.65,44.7,7.7,,,,0.0,,0
1981,Grant County,27.899999999999995,38.1,17.766666666666666,0.9366666666666669,2.8100000000000005,49.1,10.7,,,,0.0,,0
1981,Marathon County,21.766666666666666,31.8,11.666666666666666,1.0733333333333333,3.2199999999999998,42.6,3.0,,,,0.0,,0
1982,Dane County,18.466666666666665,27.866666666666664,9.1,1.3699999999999999,4.109999999999999,38.4,-3.3,,,,0.0,,0
1982,Dodge County,18.03333333333333,27.233333333333334,8.833333333333334,1.2266666666666666,3.6799999999999997,37.4,-3.3,1.0,0.0,0.0,1.0,1.0,1
1982,Fond du Lac County,17.400000000000002,26.899999999999995,7.933333333333334,1.29,3.87,36.9,-4.0,,,,0.0,,0
1982,Grant County,18.766666666666666,28.2,9.299999999999999,1.4466666666666665,4.34,39.1,-3.5,,,,0.0,,0
1982,Marathon County,13.700000000000001,24.066666666666666,3.3333333333333326,1.3166666666666667,3.95,34.1,-8.9,1.0,0.0,0.0,1.0,1.0,1
1983,Dane County,28.133333333333336,35.43333333333334,20.833333333333332,1.4966666666666668,4.49,42.7,16.2,,,,0.0,,0
1983,Dodge County,27.599999999999998,34.53333333333333,20.7,1.6066666666666667,4.82,41.1,16.2,0.0,0.0,0.0,2.0,0.0,1
1983,Fond du Lac County,26.733333333333334,34.1,19.400000000000002,1.6466666666666665,4.9399999999999995,39.8,14.8,0.0,0.0,0.0,1.0,0.0,1
1983,Grant County,28.633333333333336,35.43333333333333,21.866666666666664,1.2866666666666666,3.86,42.8,16.7,0.0,0.0,0.0,1.0,0.0,1
1983,Marathon County,24.233333333333334,31.46666666666667,16.966666666666665,1.2833333333333332,3.8499999999999996,38.0,10.1,,,,0.0,,0
1984,Dane County,24.166666666666668,32.666666666666664,15.666666666666666,0.9633333333333334,2.89,39.2,5.7,2.0,0.0,0.0,1.0,2.0,1
1984,Dodge County,23.5,31.5,15.533333333333333,0.9800000000000001,2.9400000000000004,37.7,5.8,1.5,0.0,1.0,2.0,2.0,1
1984,Fond du Lac County,23.066666666666666,30.933333333333334,15.199999999999998,1.0233333333333332,3.07,36.9,5.7,1.0,0.0,0.0,1.0,1.0,1
1984,Grant County,24.46666666666667,32.96666666666667,16.0,0.9566666666666667,2.87,39.0,6.8,,,,0.0,,0
1984,Marathon County,19.333333333333332,28.266666666666666,10.433333333333334,1.1366666666666667,3.41,33.9,1.1,1.5,0.0,0.0,2.0,2.0,1
1985,Dane County,22.333333333333332,31.933333333333334,12.733333333333334,1.9266666666666667,5.78,47.0,1.4,,,,0.0,,0
1985,Dodge County,21.8,31.2,12.466666666666667,2.0633333333333335,6.19,46.1,1.7,,,,0.0,,0
1985,Fond du Lac County,21.53333333333333,30.433333333333337,12.6,1.89,5.67,44.7,2.1,1.0,0.0,0.0,1.0,1.0,1
1985,Grant County,22.7,31.933333333333334,13.466666666666667,1.8866666666666667,5.66,47.5,2.7,2.0,0.0,0.0,1.0,2.0,1
1985,Marathon County,18.53333333333333,28.3,8.799999999999999,1.4566666666666668,4.37,42.4,0.0,,,,0.0,,0
1986,Dane County,24.23333333333333,33.5,14.933333333333332,1.6133333333333333,4.84,46.1,7.5,1.0,0.0,0.0,1.0,1.0,1
1986,Dodge County,23.333333333333332,32.300000000000004,14.4,1.5600000000000003,4.680000000000001,44.8,7.3,0.0,0.0,0.0,2.0,0.0,1
1986,Fond du Lac County,23.2,32.0,14.433333333333332,1.4933333333333332,4.4799999999999995,44.3,7.8,2.0,0.0,0.0,1.0,2.0,1
1986,Grant County,24.7,33.46666666666667,15.933333333333332,1.5466666666666666,4.64,46.9,9.0,,,,0.0,,0
1986,Marathon County,19.099999999999998,29.3,8.9,1.0666666666666667,3.2,40.4,3.1,,,,0.0,,0
1987,Dane County,30.166666666666668,39.199999999999996,21.066666666666666,0.9133333333333334,2.74,47.7,15.2,,,,0.0,,0
1987,Dodge County,28.833333333333332,37.86666666666667,19.8,0.7799999999999999,2.34,46.1,13.4,0.0,0.0,0.0,1.0,0.0,1
1987,Fond du Lac County,28.53333333333333,37.233333333333334,19.866666666666667,0.7166666666666667,2.15,45.5,13.8,,,,0.0,,0
1987,Grant County,30.566666666666666,39.03333333333333,22.133333333333336,0.9833333333333334,2.95,47.4,15.1,,,,0.0,,0
1987,Marathon County,25.633333333333336,35.166666666666664,16.099999999999998,0.6166666666666667,1.85,44.1,10.1,1.0,0.0,0.0,1.0,1.0,1
1988,Dane County,21.866666666666664,31.866666666666664,11.933333333333332,1.14,3.42,45.5,3.3,2.0,0.0,1.0,1.0,2.0,1
1988,Dodge County,21.3,30.73333333333333,11.9,0.9700000000000001,2.91,43.4,4.4,0.5,0.0,0.0,2.0,1.0,1
1988,Fond du Lac County,20.766666666666666,30.0,11.6,0.8066666666666666,2.42,42.4,4.9,,,,0.0,,0
1988,Grant County,21.53333333333333,31.433333333333337,11.633333333333333,1.0,3.0,45.7,2.2,1.2857142857142858,0.0,0.0,7.0,2.0,1
1988,Marathon County,16.2,26.599999999999998,5.866666666666666,1.0666666666666667,3.2,38.4,-1.7,1.0,0.0,2.0,2.0,2.0,1
1989,Dane County,23.866666666666664,32.833333333333336,14.933333333333335,0.9700000000000001,2.91,39.7,4.9,0.5,0.0,0.0,4.0,1.0,1
1989,Dodge County,22.733333333333334,31.833333333333332,13.633333333333335,0.9366666666666665,2.8099999999999996,38.4,3.5,1.0,0.0,0.0,2.0,1.0,1
1989,Fond du Lac County,21.833333333333332,30.766666666666666,12.9,0.9133333333333334,2.74,36.4,3.3,0.0,0.0,0.0,1.0,0.0,1
1989,Grant County,23.96666666666667,32.56666666666667,15.366666666666667,0.9433333333333334,2.83,40.1,4.8,,,,0.0,,0
1989,Marathon County,16.766666666666666,26.866666666666664,6.599999999999999,1.0666666666666667,3.2,32.8,-2.9,,,,0.0,,0
1990,Dane County,30.400000000000002,39.86666666666667,20.900000000000002,2.02,6.0600000000000005,46.4,15.2,,,,0.0,,0
1990,Dodge County,29.46666666666667,38.56666666666667,20.333333333333332,2.0,6.0,45.4,14.7,,,,0.0,,0
1990,Fond du Lac County,28.53333333333333,37.53333333333333,19.5,1.6233333333333333,4.87,44.1,13.5,2.0,0.0,1.0,1.0,2.0,1
1990,Grant County,30.96666666666667,40.0,21.866666666666664,1.7166666666666668,5.15,47.7,17.0,,,,0.0,,0
1990,Marathon County,23.900000000000002,34.43333333333333,13.466666666666669,1.4433333333333334,4.33,42.0,6.3,1.0,0.0,0.0,1.0,1.0,1
1991,Dane County,25.46666666666667,35.1,15.833333333333334,1.64,4.92,46.3,4.7,0.0,0.0,0.0,1.0,0.0,1
1991,Dodge County,24.96666666666667,33.93333333333333,15.966666666666667,1.4366666666666668,4.3100000000000005,45.0,4.6,,,,0.0,,0
1991,Fond du Lac County,23.8,32.56666666666667,15.066666666666668,1.1833333333333333,3.55,43.4,3.8,,,,0.0,,0
1991,Grant County,25.333333333333332,34.699999999999996,16.0,1.8833333333333335,5.65,46.6,3.9,0.0,0.0,0.0,1.0,0.0,1
1991,Marathon County,19.633333333333333,29.633333333333336,9.700000000000001,1.2833333333333334,3.85,40.1,0.1,,,,0.0,,0
1992,Dane County,29.46666666666667,37.03333333333333,21.96666666666667,1.27,3.81,43.8,18.3,3.0,0.0,30.0,1.0,3.0,1
1992,Dodge County,28.400000000000002,35.53333333333333,21.233333333333334,1.09,3.27,41.6,17.8,,,,0.0,,0
1992,Fond du Lac County,27.2,34.166666666666664,20.266666666666666,1.1033333333333333,3.31,39.3,16.8,,,,0.0,,0
1992,Grant County,29.900000000000002,37.333333333333336,22.433333333333334,1.3766666666666667,4.13,45.2,16.9,,,,0.0,,0
1992,Marathon County,23.099999999999998,31.266666666666666,14.9,1.1166666666666667,3.35,37.1,11.0,1.0,0.0,0.0,1.0,1.0,1
1993,Dane County,23.8,32.06666666666667,15.566666666666668,1.7266666666666666,5.18,38.6,11.8,0.0,0.0,0.0,1.0,0.0,1
1993,Dodge County,23.166666666666668,31.400000000000002,14.966666666666667,1.39,4.17,37.9,11.2,,,,0.0,,0
1993,Fond du Lac County,22.133333333333336,30.233333333333334,14.1,1.07,3.21,37.1,10.5,,,,0.0,,0
1993,Grant County,23.233333333333334,31.0,15.466666666666667,1.7566666666666666,5.27,38.4,10.6,1.0,0.0,0.0,5.0,3.0,1
1993,Marathon County,18.533333333333335,28.8,8.299999999999999,0.7233333333333333,2.17,38.5,3.2,,,,0.0,,0
1994,Dane County,18.833333333333332,29.233333333333334,8.433333333333334,1.4166666666666667,4.25,44.7,-2.4,0.0,0.0,0.0,1.0,0.0,1
1994,Dodge County,18.366666666666667,27.8,8.9,1.3066666666666666,3.92,42.4,-2.5,,,,0.0,,0
1994,Fond du Lac County,17.46666666666667,26.399999999999995,8.5,1.2566666666666666,3.77,40.8,-2.7,,,,0.0,,0
1994,Grant County,19.400000000000002,29.133333333333336,9.666666666666666,1.1733333333333333,3.52,45.1,-0.5,1.0,0.0,0.0,2.0,1.0,1
1994,Marathon County,14.666666666666666,24.666666666666668,4.7,0.7399999999999999,2.2199999999999998,40.5,-7.6,1.0,0.0,0.0,1.0,1.0,1
1995,Dane County,25.2,34.266666666666666,16.133333333333333,1.2966666666666666,3.8899999999999997,46.1,10.6,,,,0.0,,0
1995,Dodge County,24.833333333333332,33.333333333333336,16.366666666666664,1.1566666666666665,3.4699999999999998,45.0,11.1,0.0,0.0,0.0,1.0,0.0,1
1995,Fond du Lac County,24.0,31.96666666666667,16.0,1.0999999999999999,3.3,42.6,11.4,,,,0.0,,0
1995,Grant County,25.900000000000002,34.300000000000004,17.433333333333334,1.1666666666666667,3.5,46.4,12.0,,,,0.0,,0
1995,Marathon County,21.233333333333334,30.2,12.199999999999998,0.86,2.58,41.7,6.2,,,,0.0,,0
1996,Dane County,20.96666666666667,30.933333333333334,11.066666666666668,1.11,3.33,38.5,5.3,,,,0.0,,0
1996,Dodge County,20.7,30.5,10.866666666666667,1.0799999999999998,3.2399999999999998,37.6,4.5,,,,0.0,,0
1996,Fond du Lac County,19.46666666666667,28.866666666666664,10.1,1.0733333333333335,3.22,36.0,3.8,1.0,0.0,12.0,5.0,5.0,1
1996,Grant County,21.166666666666668,30.599999999999998,11.733333333333333,1.2033333333333334,3.61,38.6,5.6,,,,0.0,,0
1996,Marathon County,14.699999999999998,25.266666666666666,4.166666666666667,1.6300000000000001,4.890000000000001,31.4,-2.8,1.5,0.0,0.0,2.0,2.0,1
1997,Dane County,24.333333333333332,33.03333333333333,15.633333333333335,1.75,5.25,43.0,6.0,1.0,0.0,1.0,2.0,1.0,1
1997,Dodge County,23.433333333333337,31.933333333333334,14.9,1.6600000000000001,4.98,41.0,6.3,,,,0.0,,0
1997,Fond du Lac County,22.53333333333333,30.8,14.333333333333334,1.6333333333333335,4.9,39.0,6.5,,,,0.0,,0
1997,Grant County,24.5,32.733333333333334,16.266666666666666,1.5899999999999999,4.77,43.9,5.4,,,,0.0,,0
1997,Marathon County,18.833333333333332,27.76666666666667,9.866666666666667,1.4666666666666666,4.3999999999999995,36.2,2.0,0.25,0.0,0.0,4.0,1.0,1
1998,Dane County,30.833333333333332,37.63333333333333,24.0,2.796666666666667,8.39,42.0,17.7,,,,0.0,,0
1998,Dodge County,30.366666666666664,37.0,23.766666666666666,2.6966666666666668,8.09,41.8,17.6,,,,0.0,,0
1998,Fond du Lac County,29.166666666666668,35.699999999999996,22.566666666666666,2.63,7.89,40.8,16.3,,,,0.0,,0
1998,Grant County,31.400000000000002,37.46666666666667,25.333333333333332,2.8200000000000003,8.46,41.5,19.2,0.0,0.0,1.0,1.0,0.0,1
1998,Marathon County,26.566666666666666,33.86666666666667,19.266666666666666,1.8699999999999999,5.609999999999999,38.9,12.4,0.0,0.0,0.0,1.0,0.0,1
1999,Dane County,26.96666666666667,36.0,17.966666666666665,1.4966666666666668,4.49,44.7,7.4,,,,0.0,,0
1999,Dodge County,26.233333333333334,34.53333333333333,17.933333333333334,1.2866666666666666,3.86,43.5,6.8,,,,0.0,,0
1999,Fond du Lac County,25.566666666666666,33.96666666666667,17.2,1.11,3.33,43.2,7.1,,,,0.0,,0
1999,Grant County,27.333333333333332,35.73333333333333,18.900000000000002,1.14,3.42,45.1,7.3,,,,0.0,,0
1999,Marathon County,21.900000000000002,31.53333333333333,12.233333333333334,1.05,3.15,42.0,1.4,,,,0.0,,0
2000,Dane County,30.299999999999997,39.93333333333334,20.7,1.3566666666666667,4.07,52.4,11.1,,,,0.0,,0
2000,Dodge County,29.53333333333333,39.199999999999996,19.866666666666667,1.0799999999999998,3.2399999999999998,52.0,10.8,2.0,0.0,0.0,1.0,2.0,1
2000,Fond du Lac County,28.633333333333336,38.0,19.333333333333332,1.2033333333333334,3.6100000000000003,50.7,10.0,0.0,0.0,0.0,1.0,0.0,1
2000,Grant County,30.400000000000002,39.86666666666667,20.96666666666667,1.1466666666666667,3.44,52.5,10.8,,,,0.0,,0
2000,Marathon County,24.733333333333334,35.199999999999996,14.266666666666666,1.2233333333333334,3.67,48.6,3.3,,,,0.0,,0
2001,Dane County,24.2,32.56666666666666,15.833333333333334,1.3933333333333335,4.180000000000001,39.9,12.1,,,,0.0,,0
2001,Dodge County,23.3,32.166666666666664,14.533333333333333,1.1566666666666665,3.4699999999999998,39.0,10.8,1.0,0.0,0.0,2.0,1.0,1
2001,Fond du Lac County,22.866666666666664,30.933333333333334,14.799999999999999,1.0333333333333334,3.1,37.9,10.6,0.0,0.0,0.0,1.0,0.0,1
2001,Grant County,23.3,31.633333333333336,14.966666666666667,1.5533333333333335,4.66,39.0,10.7,,,,0.0,,0
2001,Marathon County,19.400000000000002,29.166666666666668,9.633333333333333,0.7733333333333333,2.32,36.6,3.1,,,,0.0,,0
2002,Dane County,29.03333333333333,37.93333333333333,20.166666666666668,1.4033333333333333,4.21,39.3,19.8,,,,0.0,,0
2002,Dodge County,28.433333333333334,37.1,19.733333333333334,1.4266666666666665,4.279999999999999,38.4,19.2,,,,0.0,,0
2002,Fond du Lac County,27.333333333333332,35.46666666666667,19.233333333333334,1.4433333333333334,4.33,36.6,19.0,0.3333333333333333,0.0,0.0,3.0,1.0,1
2002,Grant County,29.8,38.699999999999996,20.900000000000002,1.18,3.54,40.2,20.1,,,,0.0,,0
2002,Marathon County,23.899999999999995,33.0,14.800000000000002,1.5166666666666668,4.550000000000001,35.0,13.8,0.4,0.0,1.0,5.0,1.0,1
2003,Dane County,22.866666666666664,32.733333333333334,13.0,0.7133333333333333,2.1399999999999997,43.2,8.3,0.0,0.0,0.0,1.0,0.0,1
2003,Dodge County,22.099999999999998,31.633333333333336,12.566666666666668,0.7000000000000001,2.1,41.9,8.0,0.0,0.0,0.0,3.0,0.0,1
2003,Fond du Lac County,21.46666666666667,30.900000000000002,12.033333333333333,0.7833333333333333,2.35,41.6,6.7,0.0,0.0,0.0,1.0,0.0,1
2003,Grant County,22.96666666666667,32.56666666666667,13.366666666666667,0.7033333333333333,2.11,43.1,8.0,,,,0.0,,0
2003,Marathon County,17.133333333333333,27.599999999999998,6.666666666666667,1.0133333333333334,3.04,39.0,-0.4,,,,0.0,,0
2004,Dane County,25.866666666666664,34.13333333333333,17.599999999999998,1.82,5.46,46.8,7.6,0.2,0.0,0.0,5.0,1.0,1
2004,Dodge County,24.8,33.166666666666664,16.400000000000002,1.75,5.25,45.5,6.2,,,,0.0,,0
2004,Fond du Lac County,23.7,32.233333333333334,15.200000000000001,1.7533333333333332,5.26,44.0,4.1,,,,0.0,,0
2004,Grant County,26.333333333333332,34.36666666666667,18.3,2.013333333333333,6.04,47.1,9.0,,,,0.0,,0
2004,Marathon County,19.8,28.733333333333334,10.833333333333334,1.9033333333333333,5.71,40.2,0.2,,,,0.0,,0
2005,Dane County,26.3,34.36666666666667,18.233333333333334,1.8133333333333335,5.44,40.8,11.2,1.0,1.0,23.0,4.0,3.0,1
2005,Dodge County,25.099999999999998,33.333333333333336,16.866666666666667,1.7599999999999998,5.279999999999999,39.4,9.9,,,,0.0,,0
2005,Fond du Lac County,24.233333333333334,32.53333333333333,15.933333333333332,1.5266666666666666,4.58,38.9,9.1,,,,0.0,,0
2005,Grant County,26.633333333333336,34.73333333333333,18.533333333333335,1.6433333333333333,4.93,42.8,10.0,0.5,0.0,0.0,2.0,1.0,1
2005,Marathon County,20.3,30.100000000000005,10.6,1.0966666666666667,3.29,37.0,4.2,0.0,0.0,0.0,6.0,0.0,1
2006,Dane County,29.5,37.9,21.099999999999998,1.7633333333333334,5.29,43.0,13.8,0.0,0.0,0.0,1.0,0.0,1
2006,Dodge County,28.433333333333337,36.56666666666667,20.266666666666666,1.8333333333333333,5.5,42.8,12.2,1.0,0.0,1.0,1.0,1.0,1
2006,Fond du Lac County,28.099999999999998,35.93333333333334,20.166666666666668,1.8533333333333335,5.5600000000000005,42.7,12.5,0.0,0.0,0.0,1.0,0.0,1
2006,Grant County,29.900000000000002,38.03333333333333,21.766666666666666,1.4466666666666665,4.34,43.7,13.8,,,,0.0,,0
2006,Marathon County,24.2,32.6,15.866666666666667,1.2133333333333332,3.6399999999999997,40.0,6.7,,,,0.0,,0
2007,Dane County,25.433333333333334,34.03333333333333,16.866666666666667,1.7166666666666668,5.15,47.5,6.5,,,,0.0,,0
2007,Dodge County,24.7,33.36666666666667,16.066666666666666,1.6533333333333333,4.96,46.7,5.7,,,,0.0,,0
2007,Fond du Lac County,24.166666666666668,32.56666666666667,15.799999999999999,1.4166666666666667,4.25,46.0,6.0,,,,0.0,,0
2007,Grant County,25.099999999999998,33.699999999999996,16.466666666666665,1.6166666666666665,4.85,48.4,4.6,0.0,0.0,0.0,5.0,0.0,1
2007,Marathon County,21.066666666666666,29.933333333333337,12.266666666666666,1.12,3.3600000000000003,43.7,2.2,2.0,0.0,0.0,1.0,2.0,1
2008,Dane County,21.233333333333334,30.166666666666668,12.333333333333334,2.3833333333333333,7.15,38.4,7.1,0.25,0.0,0.0,4.0,1.0,1
2008,Dodge County,20.5,29.099999999999998,11.9,2.1366666666666667,6.41,37.1,7.0,0.5,0.0,0.0,2.0,1.0,1
2008,Fond du Lac County,20.0,28.2,11.800000000000002,2.0166666666666666,6.05,35.9,7.2,,,,0.0,,0
2008,Grant County,20.266666666666666,29.433333333333334,11.200000000000001,1.7633333333333334,5.29,38.9,6.0,0.0,0.0,0.0,2.0,0.0,1
2008,Marathon County,15.966666666666667,25.96666666666667,6.0,1.1233333333333333,3.37,34.1,0.9,0.0,0.0,0.0,2.0,0.0,1
2009,Dane County,22.866666666666664,32.86666666666667,12.9,2.6999999999999997,8.1,44.9,0.4,,,,0.0,,0
2009,Dodge County,21.7,31.166666666666668,12.166666666666666,2.4033333333333333,7.21,42.9,0.4,,,,0.0,,0
2009,Fond du Lac County,20.866666666666667,30.0,11.799999999999999,1.7766666666666666,5.33,41.2,0.1,,,,0.0,,0
2009,Grant County,23.2,33.199999999999996,13.266666666666666,1.8866666666666667,5.66,46.1,-0.8,0.0,0.0,0.0,1.0,0.0,1
2009,Marathon County,17.1,27.633333333333336,6.566666666666666,1.0999999999999999,3.3,38.7,-6.0,,,,0.0,,0
2010,Dane County,26.366666666666664,34.86666666666667,17.866666666666667,0.9933333333333333,2.98,49.7,10.4,0.5714285714285714,0.0,0.0,7.0,1.0,1
2010,Dodge County,25.866666666666664,34.4,17.366666666666667,0.7200000000000001,2.16,48.7,10.8,,,,0.0,,0
2010,Fond du Lac County,25.3,33.699999999999996,16.96666666666667,0.5766666666666667,1.73,47.5,11.4,,,,0.0,,0
2010,Grant County,25.599999999999998,34.5,16.7,1.0866666666666667,3.26,50.9,8.1,,,,0.0,,0
2010,Marathon County,24.400000000000002,34.266666666666666,14.533333333333333,0.5599999999999999,1.68,49.9,7.8,,,,0.0,,0
2011,Dane County,23.566666666666666,31.766666666666666,15.333333333333334,1.9366666666666668,5.8100000000000005,41.0,9.0,0.0,0.0,0.0,2.0,0.0,1
2011,Dodge County,22.099999999999998,30.166666666666668,14.033333333333333,1.8133333333333332,5.4399999999999995,39.1,8.3,0.0,0.0,0.0,1.0,0.0,1
2011,Fond du Lac County,21.366666666666664,29.333333333333332,13.4,1.53,4.59,37.9,6.7,1.0,0.0,0.0,2.0,1.0,1
2011,Grant County,23.433333333333334,31.766666666666666,15.200000000000001,1.8566666666666667,5.57,42.3,8.0,,,,0.0,,0
2011,Marathon County,17.8,27.13333333333333,8.5,1.4100000000000001,4.23,36.3,2.4,3.0,0.0,2.0,1.0,3.0,1
2012,Dane County,34.5,43.73333333333333,25.333333333333332,1.6900000000000002,5.07,60.3,15.9,,,,0.0,,0
2012,Dodge County,33.266666666666666,42.13333333333333,24.366666666666664,1.7133333333333332,5.14,58.3,14.3,,,,0.0,,0
2012,Fond du Lac County,32.6,41.43333333333334,23.833333333333332,1.5433333333333332,4.63,56.7,13.9,,,,0.0,,0
2012,Grant County,34.766666666666666,43.800000000000004,25.73333333333333,1.45,4.35,60.5,15.1,2.0,0.0,0.0,1.0,2.0,1
2012,Marathon County,29.5,39.0,20.0,1.2233333333333334,3.67,55.3,10.2,0.0,0.0,0.0,1.0,0.0,1
2013,Dane County,22.3,31.0,13.566666666666668,2.5166666666666666,7.55,34.9,11.3,,,,0.0,,0
2013,Dodge County,21.133333333333333,29.666666666666668,12.633333333333333,2.216666666666667,6.65,33.6,10.0,,,,0.0,,0
2013,Fond du Lac County,20.766666666666666,29.266666666666666,12.200000000000001,2.0633333333333335,6.19,33.0,9.8,,,,0.0,,0
2013,Grant County,22.766666666666666,31.46666666666667,14.1,1.8966666666666665,5.6899999999999995,35.2,11.2,,,,0.0,,0
2013,Marathon County,17.7,27.266666666666666,8.133333333333333,1.6666666666666667,5.0,32.8,5.5,,,,0.0,,0
2014,Dane County,15.566666666666668,25.63333333333333,5.533333333333334,1.0333333333333334,3.1,35.8,-0.4,1.4,0.0,0.0,5.0,3.0,1
2014,Dodge County,14.4,23.966666666666665,4.833333333333333,0.8033333333333333,2.41,33.8,-1.2,,,,0.0,,0
2014,Fond du Lac County,14.233333333333334,23.7,4.733333333333333,0.85,2.55,33.5,-1.0,,,,0.0,,0
2014,Grant County,15.299999999999999,25.7,4.966666666666668,1.2266666666666666,3.6799999999999997,36.4,-1.2,1.3333333333333333,0.0,5.0,3.0,2.0,1
2014,Marathon County,9.799999999999999,20.599999999999998,-0.9333333333333336,1.2166666666666666,3.65,30.8,-6.0,,,,0.0,,0
2015,Dane County,20.599999999999998,30.233333333333334,10.966666666666667,0.7266666666666667,2.18,44.1,0.9,,,,0.0,,0
2015,Dodge County,19.8,28.899999999999995,10.6,0.47333333333333333,1.42,42.8,0.7,,,,0.0,,0
2015,Fond du Lac County,19.900000000000002,28.866666666666664,10.933333333333332,0.38000000000000006,1.1400000000000001,43.1,0.8,,,,0.0,,0
2015,Grant County,20.766666666666666,30.766666666666666,10.766666666666666,0.7833333333333333,2.35,44.5,0.1,,,,0.0,,0
2015,Marathon County,16.633333333333333,26.5,6.800000000000001,0.5133333333333333,1.54,41.8,-4.5,,,,0.0,,0
2016,Dane County,28.433333333333334,36.43333333333333,20.46666666666667,1.7733333333333334,5.32,48.8,12.1,,,,0.0,,0
2016,Dodge County,27.333333333333332,34.833333333333336,19.833333333333332,1.8333333333333333,5.5,46.7,12.0,,,,0.0,,0
2016,Fond du Lac County,26.933333333333334,34.4,19.466666666666665,2.0433333333333334,6.13,45.8,12.0,1.0,0.0,0.0,1.0,1.0,1
2016,Grant County,28.400000000000002,36.46666666666667,20.366666666666664,1.7666666666666666,5.3,49.5,11.3,,,,0.0,,0
2016,Marathon County,24.333333333333332,33.06666666666667,15.666666666666666,2.1733333333333333,6.5200000000000005,46.0,7.1,0.5,0.0,0.0,2.0,1.0,1
2017,Dane County,29.833333333333332,38.333333333333336,21.366666666666664,2.3833333333333333,7.15,43.4,16.8,0.0,0.0,0.0,1.0,0.0,1
2017,Dodge County,28.333333333333332,36.23333333333333,20.5,2.2566666666666664,6.77,40.3,16.0,,,,0.0,,0
2017,Fond du Lac County,27.633333333333336,35.266666666666666,20.033333333333335,2.17,6.51,39.5,15.3,0.0,0.0,0.0,1.0,0.0,1
2017,Grant County,30.3,38.300000000000004,22.266666666666666,2.033333333333333,6.1,43.9,17.0,,,,0.0,,0
2017,Marathon County,23.8,32.5,15.133333333333333,2.0,6.0,37.8,10.0,1.0,0.0,0.0,1.0,1.0,1
2018,Dane County,24.566666666666666,33.6,15.5,1.66,4.9799999999999995,43.3,10.8,0.0,0.0,0.0,1.0,0.0,1
2018,Dodge County,22.833333333333332,31.7,13.933333333333335,1.4966666666666668,4.49,41.3,8.9,1.5,0.0,0.0,2.0,2.0,1
2018,Fond du Lac County,23.3,32.0,14.633333333333333,1.1300000000000001,3.39,40.4,10.6,0.7,0.0,0.0,10.0,1.0,1
2018,Grant County,24.333333333333332,33.766666666666666,14.9,1.2966666666666666,3.89,44.1,9.3,0.0,0.0,0.0,2.0,0.0,1
2018,Marathon County,19.033333333333335,29.333333333333332,8.733333333333334,1.1666666666666667,3.5,39.0,3.4,,,,0.0,,0
2019,Dane County,21.900000000000002,30.86666666666667,13.0,2.0433333333333334,6.13,40.2,8.2,,,,0.0,,0
2019,Dodge County,20.633333333333336,29.433333333333334,11.833333333333334,1.8499999999999999,5.55,38.7,7.6,,,,0.0,,0
2019,Fond du Lac County,19.833333333333332,28.7,10.933333333333332,1.8166666666666667,5.45,37.5,7.2,,,,0.0,,0
2019,Grant County,20.966666666666665,29.866666666666664,12.1,2.1766666666666667,6.53,39.3,7.7,,,,0.0,,0
2019,Marathon County,16.2,26.03333333333333,6.333333333333333,2.2733333333333334,6.82,36.0,2.4,1.0,0.0,0.0,1.0,1.0,1
2020,Dane County,29.166666666666668,36.96666666666667,21.366666666666664,1.7233333333333334,5.17,45.9,14.8,,,,0.0,,0
2020,Dodge County,27.76666666666667,35.766666666666666,19.8,1.8333333333333333,5.5,44.4,12.9,,,,0.0,,0
2020,Fond du Lac County,27.600000000000005,35.233333333333334,19.966666666666665,1.9033333333333333,5.71,43.5,12.6,,,,0.0,,0
2020,Grant County,28.5,36.5,20.533333333333335,2.04,6.12,46.2,13.6,0.5,0.0,0.0,2.0,1.0,1
2020,Marathon County,23.799999999999997,32.666666666666664,14.866666666666667,1.8399999999999999,5.52,41.5,6.5,,,,0.0,,0
